{"means": {"brightness": 30.047877794587322, "color_std": 14.193098856744703, "laplacian_var": 17.42950193835098, "hist_diff": 0.1769874838021941, "ssim": 0.9939763468022512, "frame_diff": 0.0032951006245076613, "center_white_ratio": 0.0, "center_edge_ratio": 0.0, "center_outer_contrast": -1.190934013449488}, "stds": {"brightness": 0.24506593285476774, "color_std": 1.6596876765823576, "laplacian_var": 3.443960242424321, "hist_diff": 0.36668799860980966, "ssim": 0.0008755650883393963, "frame_diff": 0.0013573375660738917, "center_white_ratio": 0.0, "center_edge_ratio": 0.0, "center_outer_contrast": 0.27852232052441794}}