{"means": {"brightness": 10.942741328637165, "color_std": 27.005114187621608, "laplacian_var": 39.9041536640716, "hist_diff": 0.020122341211525313, "ssim": 0.9986158162801535, "frame_diff": 0.0011641635426863637, "center_white_ratio": 0.04486857813811923, "center_edge_ratio": 0.03140169106842989, "center_outer_contrast": 23.751580275075824}, "stds": {"brightness": 0.0017316430980425393, "color_std": 0.008203178864403755, "laplacian_var": 0.23417636485099605, "hist_diff": 0.030824442320106164, "ssim": 0.0022960877886417028, "frame_diff": 0.0019321841681531513, "center_white_ratio": 4.511225041810714e-05, "center_edge_ratio": 8.158416616703428e-06, "center_outer_contrast": 0.006830171465821092}}